{
  "named": {
    "n": 8,
    "metrics": {
      "dense": {
        "hit@1": 1.0,
        "hit@3": 1.0,
        "MRR": 1.0
      },
      "hybrid": {
        "hit@1": 1.0,
        "hit@3": 1.0,
        "MRR": 1.0
      },
      "rerank": {
        "hit@1": 1.0,
        "hit@3": 1.0,
        "MRR": 1.0
      }
    }
  },
  "feature": {
    "n": 7,
    "metrics": {
      "dense": {
        "hit@1": 0.2857142857142857,
        "hit@3": 0.7142857142857143,
        "MRR": 0.4928571428571428
      },
      "hybrid": {
        "hit@1": 0.5714285714285714,
        "hit@3": 0.7142857142857143,
        "MRR": 0.6761904761904762
      },
      "rerank": {
        "hit@1": 1.0,
        "hit@3": 1.0,
        "MRR": 1.0
      }
    }
  },
  "gate": {
    "floor": 0.0,
    "in_scope_kept": [
      14,
      15
    ],
    "out_of_scope_flagged": [
      3,
      4
    ]
  }
}